Unnamed: 0,id,fr,analise,generated_text,generator_model
0,BRASKEN," 
 
BRASKEM S.A. 
CNPJ: 42.150.391/0001-70  
NIRE: 29.300.006.939 
Companhia Aberta 
 
FATO RELEVANTE 
 
A Braskem S.A. (“Braskem” ou “Companhia”) (Ticker B3: BRKM3, BRKM5 e BRKM6; NYSE: BAK; LATIBEX: 
XBRK), no âmbito do evento geológico em Alagoas e em continuidade ao comunicado ao mercado 
divulgado no dia 04 de dezembro de 2023, vem comunicar aos seus acionistas e ao mercado que na data 
de ontem, às 13h15, câmeras que monitoram o entorno da cavidade 18 registraram movimento atípico 
de água na lagoa Mundaú, no trecho sobre esta cavidade, indicando movimento no solo da lagoa 
(potencial colapso). Toda a área, que vem sendo monitorada nos últimos dias, já estava isolada.  
As autoridades foram imediatamente comunicadas, e a Braskem segue colaborando com elas. 
A Companhia segue mobilizada e monitorando a situação de forma ininterrupta com as autoridades 
competentes e manterá o mercado informado sobre qualquer desdobramento relevante sobre o assunto. 
 
Para maiores esclarecimento, favor contatar o Departamento de Relações com Investidores da Braskem, 
através do telefone +55 11 3576-9531 ou do e-mail braskem-ri@braskem.com.br. 
 
 
São Paulo, 11 de dezembro de 2023. 
Pedro van Langendonck Teixeira de Freitas 
Diretor Financeiro e de Relações com Investidores 
Braskem S.A. ","Reação exagerada ou isso é apenas um prêmio de M&A indo embora?

Nos últimos dias, o fluxo de notícias envolvendo a Braskem e o evento geológico em Alagoas se intensificou e derrubou os preços das ações da companhia. A Braskem emitiu Fato Relevante informando que foi notificada da concessão de tutela antecipada, requerida por meio de Ação Civil Pública e que o valor atribuído ao caso pelos autores é de R$ 1 bilhão. Como mencionamos em nossa IoC, acreditamos que o evento geológico ainda pode representar um risco para a tese de investimento por algum tempo. Caso a Braskem faça uma provisão adicional de R$ 1 bilhão, vemos um impacto de ~R$ 1/ação em nosso preço alvo, mas com base na reação do preço das ações, acreditamos que isso já estava precificado. Por enquanto, mantemos nossa recomendação neutra e preço alvo de R$ 27/BRKM5.

Novidades: Nos últimos dias, o fluxo de notícias envolvendo a Braskem e o evento geológico em Alagoas se intensificou e derrubou os preços das ações da empresa. Desde a ocorrência de eventos sismológicos detectados na área já evacuada do bairro Mutange (onde está localizada a mina desativada nº 18), a Defesa Civil de Maceió intensificou o monitoramento. No dia 29 de novembro, a Prefeitura de Maceió declarou estado de emergência devido ao iminente desabamento da mina nº 18 (desativada pela Braskem no final de 2019), da Braskem. No dia 30 de novembro, a Defesa Civil de Maceió divulgou uma atualização sobre o mapa de risco de subsidência dos bairros e a Braskem emitiu Fato Relevante informando que foi notificada da concessão do auxílio emergencial, requerido por meio de Ação Civil Pública, e que o valor atribuído ao caso pelos autores é de R$ 1 bilhão.

Houve uma redução na probabilidade de outro deslocamento de terra em larga escala em Maceió, causado pela mina da Braskem, pelo menos por enquanto, apontou o Ministério de Minas e Energia (MME) neste domingo. A velocidade de afundamento diminuiu e permanece estável, enquanto atualmente, apenas um de doze DGPS (dispositivos de alta precisão para detectar movimentos do solo) está em alerta máximo (chegou a seis de doze), e os tremores de terra diminuíram consideravelmente. No entanto, a situação continua crítica e as autoridades ainda monitoram a velocidade de deslocamento da Terra.

A Braskem também divulgou uma atualização sobre os eventos recentes . Uma das principais mensagens foi que, nos últimos 4 anos, os moradores das áreas desocupadas mapeadas pela Defesa Civil foram realocados preventivamente e indenizados. Os moradores dos últimos 23 imóveis (que resistiram a deixar a área) foram realocados emergencialmente pelo poder público e a taxa de desocupação nas áreas de risco agora é de 100%.

Uma nova conta de R$ 1 bilhão à vista? Em relação ao fato relevante emitido pela Braskem, em essência, essa nova conta potencial de R$ 1 bilhão busca ampliar o mapa da área de criticidade (“área 00 da Versão 5 do Mapa da Defesa Civil”) no Programa de Compensação Financeira e Apoio à Realocação (“PCF”), com a atualização monetária correspondente aos valores praticados pelo Programa. Entre elas, um Programa de Reparação dos Danos Materiais causados pela suposta desvalorização do imóvel, bem como os supostos danos morais sofridos em decorrência da inclusão do imóvel no Mapa. A Fitch Ratings afirmou que o colapso iminente de uma mina de sal localizada no estado de Alagoas pode impactar materialmente os fluxos de caixa da Braskem S.A. e pressionar seu rating (embora a Fitch ainda não o tenha modificado). A empresa de classificação de risco disse ainda que, no momento, as consequências de um possível incidente ainda são incertas.

Uma reação exagerada dos mercados? Nos dois últimos pregões, as ações da BRKM5 caíram R$ 2,44 (-12%), incorrendo em uma perda de ~R$ 2 bilhões para o valor de mercado da empresa (portanto, ~2x a potencial nova nota de R$ 1 bilhão), o que à primeira vista pode parecer uma reação exagerada. Por outro lado, notamos que as ações voltaram aos níveis que estavam sendo negociados antes da notícia de uma oferta não vinculante da Adnoc que fez os preços do BRKM5 dispararem (em 9 de novembro). Portanto, os mercados podem estar precificando que esse novo fluxo pode complicar o processo de M&A para a petroquímica.

Nossa opinião: Como mencionamos em nosso IoC para a Braskem e o setor petroquímico , acreditamos que o evento geológico ainda pode representar um risco para a tese de investimento por algum tempo e está incluído nas motivações para nossa recomendação neutra. Considerando o valor adicional de R$ 1 bilhão mencionado no fato relevante, se esse processo for convertido em provisão adicional, vemos um impacto de ~R$ 1/ação em nosso preço-alvo. Dada a ação de preço das ações mencionada, acreditamos que provisões adicionais já estão precificadas nos preços das ações. Por enquanto, mantemos nossa recomendação neutra e nosso TP de R$ 27/BRKM5.","### Título:
Análise do Impacto do Evento Geológico em Alagoas na Braskem S.A.

### Sentença que Resuma a análise:
A Braskem S.A. enfrenta potenciais repercussões operacionais e financeiras devido a movimentos atípicos detectados na lagoa Mundaú, associados ao monitoramento de uma cavidade próxima às suas operações.

### Corpo da análise:
A recente comunicação da Braskem S.A. ao mercado acerca do movimento atípico de água na lagoa Mundaú, potencialmente indicativo de um colapso no solo, representa um evento de significativa preocupação para a empresa e seus stakeholders. Este incidente, que ocorre no contexto de um evento geológico em Alagoas, onde a Braskem mantém operações relevantes, pode ter implicações diretas na continuidade das atividades locais e na reputação da companhia.

A pronta comunicação ao mercado e a colaboração com as autoridades demonstram uma postura proativa da gestão da Braskem em lidar com a situação. Contudo, a natureza do evento e a necessidade de isolamento da área sugerem a possibilidade de interrupções operacionais, que podem afetar a produção e a logística da empresa. Adicionalmente, há o risco de impactos ambientais e sociais, que podem resultar em custos adicionais para a empresa, tanto em termos de compensações quanto em investimentos para mitigar danos.

Do ponto de vista financeiro, a Braskem poderá enfrentar desafios como a necessidade de realocação de recursos para gerir a crise, potenciais multas ou sanções regulatórias, além de possíveis ações judiciais decorrentes do evento. A imagem corporativa também pode ser afetada, o que pode influenciar a confiança dos investidores e a percepção de risco associada aos papéis da empresa.

### Considerações Finais:
A Braskem S.A. está diante de um cenário complexo que exigirá uma gestão eficiente para minimizar os impactos do evento geológico em Alagoas. A transparência na comunicação e a eficácia nas ações de resposta serão fundamentais para a preservação da confiança dos investidores e para a manutenção da estabilidade operacional e financeira da companhia. Acompanhar os desdobramentos deste evento e suas implicações será crucial para avaliar o real impacto na Braskem e para orientar as decisões de investimento.",sabia3
90,BRASKEN," 
 
BRASKEM S.A. 
CNPJ: 42.150.391/0001-70  
NIRE: 29.300.006.939 
Companhia Aberta 
 
FATO RELEVANTE 
 
A Braskem S.A. (“Braskem” ou “Companhia”) (Ticker B3: BRKM3, BRKM5 e BRKM6; NYSE: BAK; LATIBEX: 
XBRK), no âmbito do evento geológico em Alagoas e em continuidade ao comunicado ao mercado 
divulgado no dia 04 de dezembro de 2023, vem comunicar aos seus acionistas e ao mercado que na data 
de ontem, às 13h15, câmeras que monitoram o entorno da cavidade 18 registraram movimento atípico 
de água na lagoa Mundaú, no trecho sobre esta cavidade, indicando movimento no solo da lagoa 
(potencial colapso). Toda a área, que vem sendo monitorada nos últimos dias, já estava isolada.  
As autoridades foram imediatamente comunicadas, e a Braskem segue colaborando com elas. 
A Companhia segue mobilizada e monitorando a situação de forma ininterrupta com as autoridades 
competentes e manterá o mercado informado sobre qualquer desdobramento relevante sobre o assunto. 
 
Para maiores esclarecimento, favor contatar o Departamento de Relações com Investidores da Braskem, 
através do telefone +55 11 3576-9531 ou do e-mail braskem-ri@braskem.com.br. 
 
 
São Paulo, 11 de dezembro de 2023. 
Pedro van Langendonck Teixeira de Freitas 
Diretor Financeiro e de Relações com Investidores 
Braskem S.A. ","Reação exagerada ou isso é apenas um prêmio de M&A indo embora?

Nos últimos dias, o fluxo de notícias envolvendo a Braskem e o evento geológico em Alagoas se intensificou e derrubou os preços das ações da companhia. A Braskem emitiu Fato Relevante informando que foi notificada da concessão de tutela antecipada, requerida por meio de Ação Civil Pública e que o valor atribuído ao caso pelos autores é de R$ 1 bilhão. Como mencionamos em nossa IoC, acreditamos que o evento geológico ainda pode representar um risco para a tese de investimento por algum tempo. Caso a Braskem faça uma provisão adicional de R$ 1 bilhão, vemos um impacto de ~R$ 1/ação em nosso preço alvo, mas com base na reação do preço das ações, acreditamos que isso já estava precificado. Por enquanto, mantemos nossa recomendação neutra e preço alvo de R$ 27/BRKM5.

Novidades: Nos últimos dias, o fluxo de notícias envolvendo a Braskem e o evento geológico em Alagoas se intensificou e derrubou os preços das ações da empresa. Desde a ocorrência de eventos sismológicos detectados na área já evacuada do bairro Mutange (onde está localizada a mina desativada nº 18), a Defesa Civil de Maceió intensificou o monitoramento. No dia 29 de novembro, a Prefeitura de Maceió declarou estado de emergência devido ao iminente desabamento da mina nº 18 (desativada pela Braskem no final de 2019), da Braskem. No dia 30 de novembro, a Defesa Civil de Maceió divulgou uma atualização sobre o mapa de risco de subsidência dos bairros e a Braskem emitiu Fato Relevante informando que foi notificada da concessão do auxílio emergencial, requerido por meio de Ação Civil Pública, e que o valor atribuído ao caso pelos autores é de R$ 1 bilhão.

Houve uma redução na probabilidade de outro deslocamento de terra em larga escala em Maceió, causado pela mina da Braskem, pelo menos por enquanto, apontou o Ministério de Minas e Energia (MME) neste domingo. A velocidade de afundamento diminuiu e permanece estável, enquanto atualmente, apenas um de doze DGPS (dispositivos de alta precisão para detectar movimentos do solo) está em alerta máximo (chegou a seis de doze), e os tremores de terra diminuíram consideravelmente. No entanto, a situação continua crítica e as autoridades ainda monitoram a velocidade de deslocamento da Terra.

A Braskem também divulgou uma atualização sobre os eventos recentes . Uma das principais mensagens foi que, nos últimos 4 anos, os moradores das áreas desocupadas mapeadas pela Defesa Civil foram realocados preventivamente e indenizados. Os moradores dos últimos 23 imóveis (que resistiram a deixar a área) foram realocados emergencialmente pelo poder público e a taxa de desocupação nas áreas de risco agora é de 100%.

Uma nova conta de R$ 1 bilhão à vista? Em relação ao fato relevante emitido pela Braskem, em essência, essa nova conta potencial de R$ 1 bilhão busca ampliar o mapa da área de criticidade (“área 00 da Versão 5 do Mapa da Defesa Civil”) no Programa de Compensação Financeira e Apoio à Realocação (“PCF”), com a atualização monetária correspondente aos valores praticados pelo Programa. Entre elas, um Programa de Reparação dos Danos Materiais causados pela suposta desvalorização do imóvel, bem como os supostos danos morais sofridos em decorrência da inclusão do imóvel no Mapa. A Fitch Ratings afirmou que o colapso iminente de uma mina de sal localizada no estado de Alagoas pode impactar materialmente os fluxos de caixa da Braskem S.A. e pressionar seu rating (embora a Fitch ainda não o tenha modificado). A empresa de classificação de risco disse ainda que, no momento, as consequências de um possível incidente ainda são incertas.

Uma reação exagerada dos mercados? Nos dois últimos pregões, as ações da BRKM5 caíram R$ 2,44 (-12%), incorrendo em uma perda de ~R$ 2 bilhões para o valor de mercado da empresa (portanto, ~2x a potencial nova nota de R$ 1 bilhão), o que à primeira vista pode parecer uma reação exagerada. Por outro lado, notamos que as ações voltaram aos níveis que estavam sendo negociados antes da notícia de uma oferta não vinculante da Adnoc que fez os preços do BRKM5 dispararem (em 9 de novembro). Portanto, os mercados podem estar precificando que esse novo fluxo pode complicar o processo de M&A para a petroquímica.

Nossa opinião: Como mencionamos em nosso IoC para a Braskem e o setor petroquímico , acreditamos que o evento geológico ainda pode representar um risco para a tese de investimento por algum tempo e está incluído nas motivações para nossa recomendação neutra. Considerando o valor adicional de R$ 1 bilhão mencionado no fato relevante, se esse processo for convertido em provisão adicional, vemos um impacto de ~R$ 1/ação em nosso preço-alvo. Dada a ação de preço das ações mencionada, acreditamos que provisões adicionais já estão precificadas nos preços das ações. Por enquanto, mantemos nossa recomendação neutra e nosso TP de R$ 27/BRKM5.","# Braskem: Monitoramento de Evento Geológico em Alagoas

A Braskem enfrenta um potencial colapso em uma cavidade em Alagoas, levantando preocupações sobre o impacto ambiental e as implicações financeiras.

## Análise:
A Braskem, uma das principais empresas petroquímicas do Brasil, emitiu um fato relevante em 11 de dezembro de 2023, informando sobre um evento preocupante em Alagoas. O comunicado destaca o registro de um movimento atípico de água na lagoa Mundaú, indicando um possível colapso do solo na área. Este incidente está relacionado ao evento geológico que a empresa vem monitorando na região.

A cavidade 18, localizada sob a lagoa, apresentou sinais de instabilidade, o que levou a Braskem a isolar a área e notificar as autoridades. A empresa tem colaborado com os órgãos competentes e continua monitorando a situação de perto. Este fato levanta questões sobre os riscos ambientais e a responsabilidade da Braskem no manejo de tais eventos.

Do ponto de vista financeiro, é prematuro quantificar o impacto potencial, mas investidores devem estar atentos a possíveis custos relacionados a reparos, indenizações, e medidas de mitigação ambiental. A Braskem, ao longo dos anos, tem enfrentado desafios relacionados a incidentes ambientais, e este novo desenvolvimento pode influenciar a percepção do mercado sobre a gestão de riscos da empresa.

## Considerações Finais:
O evento em Alagoas destaca a importância da gestão ambiental e de riscos para a Braskem. Investidores devem acompanhar as atualizações da empresa e avaliar o potencial impacto financeiro e reputacional. A resposta da Braskem a esta situação será crucial para demonstrar sua capacidade de lidar com desafios ambientais e manter a confiança do mercado. Espera-se que a empresa forneça informações transparentes e atualizadas para mitigar as preocupações dos acionistas.",command-r+
180,BRASKEN," 
 
BRASKEM S.A. 
CNPJ: 42.150.391/0001-70  
NIRE: 29.300.006.939 
Companhia Aberta 
 
FATO RELEVANTE 
 
A Braskem S.A. (“Braskem” ou “Companhia”) (Ticker B3: BRKM3, BRKM5 e BRKM6; NYSE: BAK; LATIBEX: 
XBRK), no âmbito do evento geológico em Alagoas e em continuidade ao comunicado ao mercado 
divulgado no dia 04 de dezembro de 2023, vem comunicar aos seus acionistas e ao mercado que na data 
de ontem, às 13h15, câmeras que monitoram o entorno da cavidade 18 registraram movimento atípico 
de água na lagoa Mundaú, no trecho sobre esta cavidade, indicando movimento no solo da lagoa 
(potencial colapso). Toda a área, que vem sendo monitorada nos últimos dias, já estava isolada.  
As autoridades foram imediatamente comunicadas, e a Braskem segue colaborando com elas. 
A Companhia segue mobilizada e monitorando a situação de forma ininterrupta com as autoridades 
competentes e manterá o mercado informado sobre qualquer desdobramento relevante sobre o assunto. 
 
Para maiores esclarecimento, favor contatar o Departamento de Relações com Investidores da Braskem, 
através do telefone +55 11 3576-9531 ou do e-mail braskem-ri@braskem.com.br. 
 
 
São Paulo, 11 de dezembro de 2023. 
Pedro van Langendonck Teixeira de Freitas 
Diretor Financeiro e de Relações com Investidores 
Braskem S.A. ","Reação exagerada ou isso é apenas um prêmio de M&A indo embora?

Nos últimos dias, o fluxo de notícias envolvendo a Braskem e o evento geológico em Alagoas se intensificou e derrubou os preços das ações da companhia. A Braskem emitiu Fato Relevante informando que foi notificada da concessão de tutela antecipada, requerida por meio de Ação Civil Pública e que o valor atribuído ao caso pelos autores é de R$ 1 bilhão. Como mencionamos em nossa IoC, acreditamos que o evento geológico ainda pode representar um risco para a tese de investimento por algum tempo. Caso a Braskem faça uma provisão adicional de R$ 1 bilhão, vemos um impacto de ~R$ 1/ação em nosso preço alvo, mas com base na reação do preço das ações, acreditamos que isso já estava precificado. Por enquanto, mantemos nossa recomendação neutra e preço alvo de R$ 27/BRKM5.

Novidades: Nos últimos dias, o fluxo de notícias envolvendo a Braskem e o evento geológico em Alagoas se intensificou e derrubou os preços das ações da empresa. Desde a ocorrência de eventos sismológicos detectados na área já evacuada do bairro Mutange (onde está localizada a mina desativada nº 18), a Defesa Civil de Maceió intensificou o monitoramento. No dia 29 de novembro, a Prefeitura de Maceió declarou estado de emergência devido ao iminente desabamento da mina nº 18 (desativada pela Braskem no final de 2019), da Braskem. No dia 30 de novembro, a Defesa Civil de Maceió divulgou uma atualização sobre o mapa de risco de subsidência dos bairros e a Braskem emitiu Fato Relevante informando que foi notificada da concessão do auxílio emergencial, requerido por meio de Ação Civil Pública, e que o valor atribuído ao caso pelos autores é de R$ 1 bilhão.

Houve uma redução na probabilidade de outro deslocamento de terra em larga escala em Maceió, causado pela mina da Braskem, pelo menos por enquanto, apontou o Ministério de Minas e Energia (MME) neste domingo. A velocidade de afundamento diminuiu e permanece estável, enquanto atualmente, apenas um de doze DGPS (dispositivos de alta precisão para detectar movimentos do solo) está em alerta máximo (chegou a seis de doze), e os tremores de terra diminuíram consideravelmente. No entanto, a situação continua crítica e as autoridades ainda monitoram a velocidade de deslocamento da Terra.

A Braskem também divulgou uma atualização sobre os eventos recentes . Uma das principais mensagens foi que, nos últimos 4 anos, os moradores das áreas desocupadas mapeadas pela Defesa Civil foram realocados preventivamente e indenizados. Os moradores dos últimos 23 imóveis (que resistiram a deixar a área) foram realocados emergencialmente pelo poder público e a taxa de desocupação nas áreas de risco agora é de 100%.

Uma nova conta de R$ 1 bilhão à vista? Em relação ao fato relevante emitido pela Braskem, em essência, essa nova conta potencial de R$ 1 bilhão busca ampliar o mapa da área de criticidade (“área 00 da Versão 5 do Mapa da Defesa Civil”) no Programa de Compensação Financeira e Apoio à Realocação (“PCF”), com a atualização monetária correspondente aos valores praticados pelo Programa. Entre elas, um Programa de Reparação dos Danos Materiais causados pela suposta desvalorização do imóvel, bem como os supostos danos morais sofridos em decorrência da inclusão do imóvel no Mapa. A Fitch Ratings afirmou que o colapso iminente de uma mina de sal localizada no estado de Alagoas pode impactar materialmente os fluxos de caixa da Braskem S.A. e pressionar seu rating (embora a Fitch ainda não o tenha modificado). A empresa de classificação de risco disse ainda que, no momento, as consequências de um possível incidente ainda são incertas.

Uma reação exagerada dos mercados? Nos dois últimos pregões, as ações da BRKM5 caíram R$ 2,44 (-12%), incorrendo em uma perda de ~R$ 2 bilhões para o valor de mercado da empresa (portanto, ~2x a potencial nova nota de R$ 1 bilhão), o que à primeira vista pode parecer uma reação exagerada. Por outro lado, notamos que as ações voltaram aos níveis que estavam sendo negociados antes da notícia de uma oferta não vinculante da Adnoc que fez os preços do BRKM5 dispararem (em 9 de novembro). Portanto, os mercados podem estar precificando que esse novo fluxo pode complicar o processo de M&A para a petroquímica.

Nossa opinião: Como mencionamos em nosso IoC para a Braskem e o setor petroquímico , acreditamos que o evento geológico ainda pode representar um risco para a tese de investimento por algum tempo e está incluído nas motivações para nossa recomendação neutra. Considerando o valor adicional de R$ 1 bilhão mencionado no fato relevante, se esse processo for convertido em provisão adicional, vemos um impacto de ~R$ 1/ação em nosso preço-alvo. Dada a ação de preço das ações mencionada, acreditamos que provisões adicionais já estão precificadas nos preços das ações. Por enquanto, mantemos nossa recomendação neutra e nosso TP de R$ 27/BRKM5.","**Análise da Braskem S.A. após o Fato Relevante**

**Resumo:** A Braskem S.A. enfrenta um desafio crítico com o movimento atípico de água na lagoa Mundaú, que pode indicar um potencial colapso da cavidade 18, levando a preocupações sobre a segurança e a estabilidade da área. A empresa está colaborando com as autoridades e mantendo o mercado informado sobre a situação.

**Corpo da Análise**

A Braskem S.A. é uma das principais empresas de petróleo e gás do Brasil, com uma forte presença no mercado nacional e internacional. No entanto, o fato relevante divulgado recentemente sobre o movimento atípico de água na lagoa Mundaú, que pode indicar um potencial colapso da cavidade 18, é um desafio crítico para a empresa.

A cavidade 18 é uma das principais áreas de operação da Braskem, e o movimento de água pode ter implicações significativas para a segurança e a estabilidade da área. A empresa está colaborando com as autoridades competentes para avaliar a situação e tomar medidas para garantir a segurança dos trabalhadores, da comunidade e do meio ambiente.

A Braskem tem uma história de compromisso com a segurança e a responsabilidade ambiental, e está trabalhando em estreita colaboração com as autoridades para resolver a situação. A empresa está monitorando a situação de forma ininterrupta e mantendo o mercado informado sobre qualquer desdobramento relevante.

**Considerações Finais**

O fato relevante da Braskem S.A. é um desafio crítico para a empresa, mas também é uma oportunidade para demonstrar a sua capacidade de resposta e compromisso com a segurança e a responsabilidade ambiental. A empresa está trabalhando em estreita colaboração com as autoridades para resolver a situação e garantir a segurança dos trabalhadores, da comunidade e do meio ambiente.

A recomendação é que os investidores mantenham uma atenção especial à situação e monitorem as atualizações da empresa e das autoridades. A Braskem S.A. é uma empresa com uma forte presença no mercado e uma história de sucesso, e é provável que a empresa consiga superar esse desafio e continuar a crescer e prosperar no futuro.

**Risco de Investimento:** O risco de investimento é considerado alto devido à incerteza da situação e das implicações potenciais para a segurança e a estabilidade da área. No entanto, a empresa está trabalhando em estreita colaboração com as autoridades para resolver a situação e garantir a segurança dos trabalhadores, da comunidade e do meio ambiente.

**Recomendação de Investimento:** Mantenha uma atenção especial à situação e monitore as atualizações da empresa e das autoridades. A recomendação é que os investidores considerem a possibilidade de reduzir a exposição ao risco ou diversificar a carteira para minimizar o impacto negativo.",llama3-8b
268,BRASKEN," 
 
BRASKEM S.A. 
CNPJ: 42.150.391/0001-70  
NIRE: 29.300.006.939 
Companhia Aberta 
 
FATO RELEVANTE 
 
A Braskem S.A. (“Braskem” ou “Companhia”) (Ticker B3: BRKM3, BRKM5 e BRKM6; NYSE: BAK; LATIBEX: 
XBRK), no âmbito do evento geológico em Alagoas e em continuidade ao comunicado ao mercado 
divulgado no dia 04 de dezembro de 2023, vem comunicar aos seus acionistas e ao mercado que na data 
de ontem, às 13h15, câmeras que monitoram o entorno da cavidade 18 registraram movimento atípico 
de água na lagoa Mundaú, no trecho sobre esta cavidade, indicando movimento no solo da lagoa 
(potencial colapso). Toda a área, que vem sendo monitorada nos últimos dias, já estava isolada.  
As autoridades foram imediatamente comunicadas, e a Braskem segue colaborando com elas. 
A Companhia segue mobilizada e monitorando a situação de forma ininterrupta com as autoridades 
competentes e manterá o mercado informado sobre qualquer desdobramento relevante sobre o assunto. 
 
Para maiores esclarecimento, favor contatar o Departamento de Relações com Investidores da Braskem, 
através do telefone +55 11 3576-9531 ou do e-mail braskem-ri@braskem.com.br. 
 
 
São Paulo, 11 de dezembro de 2023. 
Pedro van Langendonck Teixeira de Freitas 
Diretor Financeiro e de Relações com Investidores 
Braskem S.A. ","Reação exagerada ou isso é apenas um prêmio de M&A indo embora?

Nos últimos dias, o fluxo de notícias envolvendo a Braskem e o evento geológico em Alagoas se intensificou e derrubou os preços das ações da companhia. A Braskem emitiu Fato Relevante informando que foi notificada da concessão de tutela antecipada, requerida por meio de Ação Civil Pública e que o valor atribuído ao caso pelos autores é de R$ 1 bilhão. Como mencionamos em nossa IoC, acreditamos que o evento geológico ainda pode representar um risco para a tese de investimento por algum tempo. Caso a Braskem faça uma provisão adicional de R$ 1 bilhão, vemos um impacto de ~R$ 1/ação em nosso preço alvo, mas com base na reação do preço das ações, acreditamos que isso já estava precificado. Por enquanto, mantemos nossa recomendação neutra e preço alvo de R$ 27/BRKM5.

Novidades: Nos últimos dias, o fluxo de notícias envolvendo a Braskem e o evento geológico em Alagoas se intensificou e derrubou os preços das ações da empresa. Desde a ocorrência de eventos sismológicos detectados na área já evacuada do bairro Mutange (onde está localizada a mina desativada nº 18), a Defesa Civil de Maceió intensificou o monitoramento. No dia 29 de novembro, a Prefeitura de Maceió declarou estado de emergência devido ao iminente desabamento da mina nº 18 (desativada pela Braskem no final de 2019), da Braskem. No dia 30 de novembro, a Defesa Civil de Maceió divulgou uma atualização sobre o mapa de risco de subsidência dos bairros e a Braskem emitiu Fato Relevante informando que foi notificada da concessão do auxílio emergencial, requerido por meio de Ação Civil Pública, e que o valor atribuído ao caso pelos autores é de R$ 1 bilhão.

Houve uma redução na probabilidade de outro deslocamento de terra em larga escala em Maceió, causado pela mina da Braskem, pelo menos por enquanto, apontou o Ministério de Minas e Energia (MME) neste domingo. A velocidade de afundamento diminuiu e permanece estável, enquanto atualmente, apenas um de doze DGPS (dispositivos de alta precisão para detectar movimentos do solo) está em alerta máximo (chegou a seis de doze), e os tremores de terra diminuíram consideravelmente. No entanto, a situação continua crítica e as autoridades ainda monitoram a velocidade de deslocamento da Terra.

A Braskem também divulgou uma atualização sobre os eventos recentes . Uma das principais mensagens foi que, nos últimos 4 anos, os moradores das áreas desocupadas mapeadas pela Defesa Civil foram realocados preventivamente e indenizados. Os moradores dos últimos 23 imóveis (que resistiram a deixar a área) foram realocados emergencialmente pelo poder público e a taxa de desocupação nas áreas de risco agora é de 100%.

Uma nova conta de R$ 1 bilhão à vista? Em relação ao fato relevante emitido pela Braskem, em essência, essa nova conta potencial de R$ 1 bilhão busca ampliar o mapa da área de criticidade (“área 00 da Versão 5 do Mapa da Defesa Civil”) no Programa de Compensação Financeira e Apoio à Realocação (“PCF”), com a atualização monetária correspondente aos valores praticados pelo Programa. Entre elas, um Programa de Reparação dos Danos Materiais causados pela suposta desvalorização do imóvel, bem como os supostos danos morais sofridos em decorrência da inclusão do imóvel no Mapa. A Fitch Ratings afirmou que o colapso iminente de uma mina de sal localizada no estado de Alagoas pode impactar materialmente os fluxos de caixa da Braskem S.A. e pressionar seu rating (embora a Fitch ainda não o tenha modificado). A empresa de classificação de risco disse ainda que, no momento, as consequências de um possível incidente ainda são incertas.

Uma reação exagerada dos mercados? Nos dois últimos pregões, as ações da BRKM5 caíram R$ 2,44 (-12%), incorrendo em uma perda de ~R$ 2 bilhões para o valor de mercado da empresa (portanto, ~2x a potencial nova nota de R$ 1 bilhão), o que à primeira vista pode parecer uma reação exagerada. Por outro lado, notamos que as ações voltaram aos níveis que estavam sendo negociados antes da notícia de uma oferta não vinculante da Adnoc que fez os preços do BRKM5 dispararem (em 9 de novembro). Portanto, os mercados podem estar precificando que esse novo fluxo pode complicar o processo de M&A para a petroquímica.

Nossa opinião: Como mencionamos em nosso IoC para a Braskem e o setor petroquímico , acreditamos que o evento geológico ainda pode representar um risco para a tese de investimento por algum tempo e está incluído nas motivações para nossa recomendação neutra. Considerando o valor adicional de R$ 1 bilhão mencionado no fato relevante, se esse processo for convertido em provisão adicional, vemos um impacto de ~R$ 1/ação em nosso preço-alvo. Dada a ação de preço das ações mencionada, acreditamos que provisões adicionais já estão precificadas nos preços das ações. Por enquanto, mantemos nossa recomendação neutra e nosso TP de R$ 27/BRKM5."," **Título:** Análise da Situação da Braskem S.A. após o Evento Geológico em Alagoas

**Sentença que Resuma a análise:** A Braskem S.A. enfrenta um desafio significativo devido ao evento geológico em Alagoas, que pode afetar a cavidade 18 e a lagoa Mundaú, possivelmente causando colapso.

**Corpo da análise:** A Braskem S.A., uma empresa líder no setor de petroquímica no Brasil, enfrenta um evento geológico em Alagoas que pode ter impacto significativo em sua operação na região. O evento, que envolve movimento atípico de água na lagoa Mundaú, pode indicar um colapso no solo da lagoa. A Braskem está trabalhando em estreita colaboração com as autoridades competentes e está monitorando a situação de forma ininterrupta.

Este evento geológico pode ter implicações significativas para a Braskem, pois a cavidade 18 é uma parte importante de suas operações. A empresa já está isolando a área e mantendo o mercado informado sobre qualquer desenvolvimento relevante.

**Considerações Finais:** O evento geológico em Alagoas pode ter impacto significativo nas operações da Braskem, possivelmente causando interrupções ou atrasos em suas atividades. Os investidores devem monitorar a situação de forma atenta e consultar a Braskem regularmente para obter atualizações sobre o assunto. A Braskem está comprometida em manter o mercado informado sobre qualquer desenvolvimento relevante.

A Braskem é uma empresa sólida e resiliente, com uma história de sucesso e uma posição dominante no mercado brasileiro de petroquímica. No entanto, este evento geológico pode representar um desafio significativo para a empresa. Os investidores devem considerar este fato relevante e monitorar a situação de forma atenta.",mistral-7b
356,BRASKEN," 
 
BRASKEM S.A. 
CNPJ: 42.150.391/0001-70  
NIRE: 29.300.006.939 
Companhia Aberta 
 
FATO RELEVANTE 
 
A Braskem S.A. (“Braskem” ou “Companhia”) (Ticker B3: BRKM3, BRKM5 e BRKM6; NYSE: BAK; LATIBEX: 
XBRK), no âmbito do evento geológico em Alagoas e em continuidade ao comunicado ao mercado 
divulgado no dia 04 de dezembro de 2023, vem comunicar aos seus acionistas e ao mercado que na data 
de ontem, às 13h15, câmeras que monitoram o entorno da cavidade 18 registraram movimento atípico 
de água na lagoa Mundaú, no trecho sobre esta cavidade, indicando movimento no solo da lagoa 
(potencial colapso). Toda a área, que vem sendo monitorada nos últimos dias, já estava isolada.  
As autoridades foram imediatamente comunicadas, e a Braskem segue colaborando com elas. 
A Companhia segue mobilizada e monitorando a situação de forma ininterrupta com as autoridades 
competentes e manterá o mercado informado sobre qualquer desdobramento relevante sobre o assunto. 
 
Para maiores esclarecimento, favor contatar o Departamento de Relações com Investidores da Braskem, 
através do telefone +55 11 3576-9531 ou do e-mail braskem-ri@braskem.com.br. 
 
 
São Paulo, 11 de dezembro de 2023. 
Pedro van Langendonck Teixeira de Freitas 
Diretor Financeiro e de Relações com Investidores 
Braskem S.A. ","Reação exagerada ou isso é apenas um prêmio de M&A indo embora?

Nos últimos dias, o fluxo de notícias envolvendo a Braskem e o evento geológico em Alagoas se intensificou e derrubou os preços das ações da companhia. A Braskem emitiu Fato Relevante informando que foi notificada da concessão de tutela antecipada, requerida por meio de Ação Civil Pública e que o valor atribuído ao caso pelos autores é de R$ 1 bilhão. Como mencionamos em nossa IoC, acreditamos que o evento geológico ainda pode representar um risco para a tese de investimento por algum tempo. Caso a Braskem faça uma provisão adicional de R$ 1 bilhão, vemos um impacto de ~R$ 1/ação em nosso preço alvo, mas com base na reação do preço das ações, acreditamos que isso já estava precificado. Por enquanto, mantemos nossa recomendação neutra e preço alvo de R$ 27/BRKM5.

Novidades: Nos últimos dias, o fluxo de notícias envolvendo a Braskem e o evento geológico em Alagoas se intensificou e derrubou os preços das ações da empresa. Desde a ocorrência de eventos sismológicos detectados na área já evacuada do bairro Mutange (onde está localizada a mina desativada nº 18), a Defesa Civil de Maceió intensificou o monitoramento. No dia 29 de novembro, a Prefeitura de Maceió declarou estado de emergência devido ao iminente desabamento da mina nº 18 (desativada pela Braskem no final de 2019), da Braskem. No dia 30 de novembro, a Defesa Civil de Maceió divulgou uma atualização sobre o mapa de risco de subsidência dos bairros e a Braskem emitiu Fato Relevante informando que foi notificada da concessão do auxílio emergencial, requerido por meio de Ação Civil Pública, e que o valor atribuído ao caso pelos autores é de R$ 1 bilhão.

Houve uma redução na probabilidade de outro deslocamento de terra em larga escala em Maceió, causado pela mina da Braskem, pelo menos por enquanto, apontou o Ministério de Minas e Energia (MME) neste domingo. A velocidade de afundamento diminuiu e permanece estável, enquanto atualmente, apenas um de doze DGPS (dispositivos de alta precisão para detectar movimentos do solo) está em alerta máximo (chegou a seis de doze), e os tremores de terra diminuíram consideravelmente. No entanto, a situação continua crítica e as autoridades ainda monitoram a velocidade de deslocamento da Terra.

A Braskem também divulgou uma atualização sobre os eventos recentes . Uma das principais mensagens foi que, nos últimos 4 anos, os moradores das áreas desocupadas mapeadas pela Defesa Civil foram realocados preventivamente e indenizados. Os moradores dos últimos 23 imóveis (que resistiram a deixar a área) foram realocados emergencialmente pelo poder público e a taxa de desocupação nas áreas de risco agora é de 100%.

Uma nova conta de R$ 1 bilhão à vista? Em relação ao fato relevante emitido pela Braskem, em essência, essa nova conta potencial de R$ 1 bilhão busca ampliar o mapa da área de criticidade (“área 00 da Versão 5 do Mapa da Defesa Civil”) no Programa de Compensação Financeira e Apoio à Realocação (“PCF”), com a atualização monetária correspondente aos valores praticados pelo Programa. Entre elas, um Programa de Reparação dos Danos Materiais causados pela suposta desvalorização do imóvel, bem como os supostos danos morais sofridos em decorrência da inclusão do imóvel no Mapa. A Fitch Ratings afirmou que o colapso iminente de uma mina de sal localizada no estado de Alagoas pode impactar materialmente os fluxos de caixa da Braskem S.A. e pressionar seu rating (embora a Fitch ainda não o tenha modificado). A empresa de classificação de risco disse ainda que, no momento, as consequências de um possível incidente ainda são incertas.

Uma reação exagerada dos mercados? Nos dois últimos pregões, as ações da BRKM5 caíram R$ 2,44 (-12%), incorrendo em uma perda de ~R$ 2 bilhões para o valor de mercado da empresa (portanto, ~2x a potencial nova nota de R$ 1 bilhão), o que à primeira vista pode parecer uma reação exagerada. Por outro lado, notamos que as ações voltaram aos níveis que estavam sendo negociados antes da notícia de uma oferta não vinculante da Adnoc que fez os preços do BRKM5 dispararem (em 9 de novembro). Portanto, os mercados podem estar precificando que esse novo fluxo pode complicar o processo de M&A para a petroquímica.

Nossa opinião: Como mencionamos em nosso IoC para a Braskem e o setor petroquímico , acreditamos que o evento geológico ainda pode representar um risco para a tese de investimento por algum tempo e está incluído nas motivações para nossa recomendação neutra. Considerando o valor adicional de R$ 1 bilhão mencionado no fato relevante, se esse processo for convertido em provisão adicional, vemos um impacto de ~R$ 1/ação em nosso preço-alvo. Dada a ação de preço das ações mencionada, acreditamos que provisões adicionais já estão precificadas nos preços das ações. Por enquanto, mantemos nossa recomendação neutra e nosso TP de R$ 27/BRKM5.","##  Braskem: Monitoramento Ativo e Riscos em Alagoas

**A Braskem enfrenta um novo desafio em Alagoas com o registro de movimento atípico de água em uma lagoa, indicando potencial colapso, enquanto a empresa mantém o mercado informado sobre o desenvolvimento da situação.**

A Braskem divulgou um Fato Relevante comunicando o registro de movimento atípico de água na lagoa Mundaú, em Alagoas, o que indica um possível colapso do solo. A área já estava isolada e as autoridades foram imediatamente notificadas. A empresa reforça seu compromisso com a transparência e a comunicação, mantendo o mercado atualizado sobre qualquer desenvolvimento relevante. 

Este evento se soma a outros desafios enfrentados pela Braskem em Alagoas, relacionados a um evento geológico. A situação atual exige atenção e monitoramento constante por parte da empresa e das autoridades competentes. 

É importante destacar que a Braskem possui um histórico de gestão de riscos e de comunicação transparente com o mercado. A empresa demonstra estar atuando de forma proativa, isolando a área afetada e colaborando com as autoridades. 

**Considerações Finais:**

A situação em Alagoas exige cautela e acompanhamento constante. A Braskem demonstra estar tomando medidas para mitigar os riscos e manter o mercado informado.  Acompanhar as próximas comunicados da empresa e as ações das autoridades será crucial para avaliar o impacto deste evento no negócio da Braskem.  Investidores devem manter uma postura prudente e avaliar cuidadosamente os riscos associados a este evento antes de tomar decisões de investimento. 


",gemma2-9b
